variant_id,chrom,pos,ref,alt
rs72809442,10,75603627,G,A
rs778943,4,62379653,C,T
rs72789653,10,19982020,C,T
rs828435,1,230370053,C,G
rs718099,21,40444427,C,A
rs34357398,11,20968941,G,A
rs10833337,11,20493062,G,A
rs4324477,3,67905838,T,A
rs76888327,13,54452825,G,A
rs11916917,3,30595904,A,G
rs4666723,2,181209775,T,A
rs6780770,3,40033803,G,A
rs184663448,12,128112974,T,C
rs16882933,5,54488307,T,C
rs67381235,3,176444215,C,T
rs4267027,11,25130448,A,C
rs58271999,10,129713372,G,A
rs1851326,2,216313021,A,G
rs13164945,5,30414739,T,C
rs10919487,1,170830177,A,G
rs976537,4,65082040,A,C
rs7445794,5,91737730,T,C
rs4370119,4,119784153,G,A
rs2193505,12,14298142,C,T
rs7909151,10,4983904,G,A
rs79662158,18,67789481,G,A
rs111820840,7,50535286,A,G
rs11192117,10,104554226,C,A
rs2413753,22,43285382,T,C
rs1072107,7,89566201,G,A
